--
-- PostgreSQL database dump
--

-- Dumped from database version 16.2
-- Dumped by pg_dump version 16.2

SET statement_timeout = 0;
SET lock_timeout = 0;
SET idle_in_transaction_session_timeout = 0;
SET client_encoding = 'UTF8';
SET standard_conforming_strings = on;
SELECT pg_catalog.set_config('search_path', '', false);
SET check_function_bodies = false;
SET xmloption = content;
SET client_min_messages = warning;
SET row_security = off;

SET default_tablespace = '';

SET default_table_access_method = heap;

--
-- Name: WatchIt_booking; Type: TABLE; Schema: public; Owner: karan
--

CREATE TABLE public."WatchIt_booking" (
    id bigint NOT NULL,
    booking_date timestamp with time zone,
    payment_amount numeric(20,2),
    num_seats integer NOT NULL,
    edited boolean NOT NULL,
    charge_id character varying(255),
    card_last4 character varying(4),
    cinema_hall_id bigint,
    movie_id bigint,
    showtime_id bigint,
    user_id bigint,
    adults integer,
    children integer,
    CONSTRAINT "WatchIt_booking_adults_check" CHECK ((adults >= 0)),
    CONSTRAINT "WatchIt_booking_children_check" CHECK ((children >= 0)),
    CONSTRAINT "WatchIt_booking_num_seats_check" CHECK ((num_seats >= 0))
);


ALTER TABLE public."WatchIt_booking" OWNER TO karan;

--
-- Name: WatchIt_booking_id_seq; Type: SEQUENCE; Schema: public; Owner: karan
--

ALTER TABLE public."WatchIt_booking" ALTER COLUMN id ADD GENERATED BY DEFAULT AS IDENTITY (
    SEQUENCE NAME public."WatchIt_booking_id_seq"
    START WITH 1
    INCREMENT BY 1
    NO MINVALUE
    NO MAXVALUE
    CACHE 1
);


--
-- Name: WatchIt_booking_seats; Type: TABLE; Schema: public; Owner: karan
--

CREATE TABLE public."WatchIt_booking_seats" (
    id bigint NOT NULL,
    booking_id bigint NOT NULL,
    seat_id bigint NOT NULL
);


ALTER TABLE public."WatchIt_booking_seats" OWNER TO karan;

--
-- Name: WatchIt_booking_seats_id_seq; Type: SEQUENCE; Schema: public; Owner: karan
--

ALTER TABLE public."WatchIt_booking_seats" ALTER COLUMN id ADD GENERATED BY DEFAULT AS IDENTITY (
    SEQUENCE NAME public."WatchIt_booking_seats_id_seq"
    START WITH 1
    INCREMENT BY 1
    NO MINVALUE
    NO MAXVALUE
    CACHE 1
);


--
-- Name: WatchIt_cinemahall; Type: TABLE; Schema: public; Owner: karan
--

CREATE TABLE public."WatchIt_cinemahall" (
    id bigint NOT NULL,
    cinema_type character varying(100),
    num_rows integer,
    num_cols integer,
    adult_price numeric(5,2),
    child_price numeric(5,2)
);


ALTER TABLE public."WatchIt_cinemahall" OWNER TO karan;

--
-- Name: WatchIt_cinemahall_id_seq; Type: SEQUENCE; Schema: public; Owner: karan
--

ALTER TABLE public."WatchIt_cinemahall" ALTER COLUMN id ADD GENERATED BY DEFAULT AS IDENTITY (
    SEQUENCE NAME public."WatchIt_cinemahall_id_seq"
    START WITH 1
    INCREMENT BY 1
    NO MINVALUE
    NO MAXVALUE
    CACHE 1
);


--
-- Name: WatchIt_deals; Type: TABLE; Schema: public; Owner: karan
--

CREATE TABLE public."WatchIt_deals" (
    id bigint NOT NULL,
    "Meal" character varying(255),
    "Price" double precision,
    description text,
    image character varying(100)
);


ALTER TABLE public."WatchIt_deals" OWNER TO karan;

--
-- Name: WatchIt_deals_id_seq; Type: SEQUENCE; Schema: public; Owner: karan
--

ALTER TABLE public."WatchIt_deals" ALTER COLUMN id ADD GENERATED BY DEFAULT AS IDENTITY (
    SEQUENCE NAME public."WatchIt_deals_id_seq"
    START WITH 1
    INCREMENT BY 1
    NO MINVALUE
    NO MAXVALUE
    CACHE 1
);


--
-- Name: WatchIt_feedback; Type: TABLE; Schema: public; Owner: karan
--

CREATE TABLE public."WatchIt_feedback" (
    id bigint NOT NULL,
    subject character varying(255) NOT NULL,
    feedback text NOT NULL,
    file character varying(100),
    created_at timestamp with time zone NOT NULL,
    approved boolean NOT NULL,
    reviewed boolean NOT NULL,
    user_id bigint NOT NULL
);


ALTER TABLE public."WatchIt_feedback" OWNER TO karan;

--
-- Name: WatchIt_feedback_id_seq; Type: SEQUENCE; Schema: public; Owner: karan
--

ALTER TABLE public."WatchIt_feedback" ALTER COLUMN id ADD GENERATED BY DEFAULT AS IDENTITY (
    SEQUENCE NAME public."WatchIt_feedback_id_seq"
    START WITH 1
    INCREMENT BY 1
    NO MINVALUE
    NO MAXVALUE
    CACHE 1
);


--
-- Name: WatchIt_movie; Type: TABLE; Schema: public; Owner: karan
--

CREATE TABLE public."WatchIt_movie" (
    id bigint NOT NULL,
    title character varying(255),
    description text,
    duration integer,
    starring text,
    director text,
    release_date date,
    language character varying(100),
    "ageRating" character varying(10),
    image character varying(100),
    trailer character varying(200)
);


ALTER TABLE public."WatchIt_movie" OWNER TO karan;

--
-- Name: WatchIt_movie_id_seq; Type: SEQUENCE; Schema: public; Owner: karan
--

ALTER TABLE public."WatchIt_movie" ALTER COLUMN id ADD GENERATED BY DEFAULT AS IDENTITY (
    SEQUENCE NAME public."WatchIt_movie_id_seq"
    START WITH 1
    INCREMENT BY 1
    NO MINVALUE
    NO MAXVALUE
    CACHE 1
);


--
-- Name: WatchIt_movie_tags; Type: TABLE; Schema: public; Owner: karan
--

CREATE TABLE public."WatchIt_movie_tags" (
    id bigint NOT NULL,
    movie_id bigint NOT NULL,
    tag_id bigint NOT NULL
);


ALTER TABLE public."WatchIt_movie_tags" OWNER TO karan;

--
-- Name: WatchIt_movie_tags_id_seq; Type: SEQUENCE; Schema: public; Owner: karan
--

ALTER TABLE public."WatchIt_movie_tags" ALTER COLUMN id ADD GENERATED BY DEFAULT AS IDENTITY (
    SEQUENCE NAME public."WatchIt_movie_tags_id_seq"
    START WITH 1
    INCREMENT BY 1
    NO MINVALUE
    NO MAXVALUE
    CACHE 1
);


--
-- Name: WatchIt_passwordresettoken; Type: TABLE; Schema: public; Owner: karan
--

CREATE TABLE public."WatchIt_passwordresettoken" (
    id bigint NOT NULL,
    token character varying(100) NOT NULL,
    created_at timestamp with time zone NOT NULL,
    used boolean NOT NULL,
    user_id bigint NOT NULL
);


ALTER TABLE public."WatchIt_passwordresettoken" OWNER TO karan;

--
-- Name: WatchIt_passwordresettoken_id_seq; Type: SEQUENCE; Schema: public; Owner: karan
--

ALTER TABLE public."WatchIt_passwordresettoken" ALTER COLUMN id ADD GENERATED BY DEFAULT AS IDENTITY (
    SEQUENCE NAME public."WatchIt_passwordresettoken_id_seq"
    START WITH 1
    INCREMENT BY 1
    NO MINVALUE
    NO MAXVALUE
    CACHE 1
);


--
-- Name: WatchIt_seat; Type: TABLE; Schema: public; Owner: karan
--

CREATE TABLE public."WatchIt_seat" (
    id bigint NOT NULL,
    seat_label character varying(3),
    availability boolean NOT NULL,
    showtime_id bigint
);


ALTER TABLE public."WatchIt_seat" OWNER TO karan;

--
-- Name: WatchIt_seat_id_seq; Type: SEQUENCE; Schema: public; Owner: karan
--

ALTER TABLE public."WatchIt_seat" ALTER COLUMN id ADD GENERATED BY DEFAULT AS IDENTITY (
    SEQUENCE NAME public."WatchIt_seat_id_seq"
    START WITH 1
    INCREMENT BY 1
    NO MINVALUE
    NO MAXVALUE
    CACHE 1
);


--
-- Name: WatchIt_showtime; Type: TABLE; Schema: public; Owner: karan
--

CREATE TABLE public."WatchIt_showtime" (
    id bigint NOT NULL,
    showtime timestamp with time zone NOT NULL,
    seats_generated boolean NOT NULL,
    cinema_hall_id bigint NOT NULL,
    movie_id bigint
);


ALTER TABLE public."WatchIt_showtime" OWNER TO karan;

--
-- Name: WatchIt_showtime_id_seq; Type: SEQUENCE; Schema: public; Owner: karan
--

ALTER TABLE public."WatchIt_showtime" ALTER COLUMN id ADD GENERATED BY DEFAULT AS IDENTITY (
    SEQUENCE NAME public."WatchIt_showtime_id_seq"
    START WITH 1
    INCREMENT BY 1
    NO MINVALUE
    NO MAXVALUE
    CACHE 1
);


--
-- Name: WatchIt_tag; Type: TABLE; Schema: public; Owner: karan
--

CREATE TABLE public."WatchIt_tag" (
    id bigint NOT NULL,
    name character varying(100) NOT NULL
);


ALTER TABLE public."WatchIt_tag" OWNER TO karan;

--
-- Name: WatchIt_tag_id_seq; Type: SEQUENCE; Schema: public; Owner: karan
--

ALTER TABLE public."WatchIt_tag" ALTER COLUMN id ADD GENERATED BY DEFAULT AS IDENTITY (
    SEQUENCE NAME public."WatchIt_tag_id_seq"
    START WITH 1
    INCREMENT BY 1
    NO MINVALUE
    NO MAXVALUE
    CACHE 1
);


--
-- Name: WatchIt_user; Type: TABLE; Schema: public; Owner: karan
--

CREATE TABLE public."WatchIt_user" (
    id bigint NOT NULL,
    password character varying(128) NOT NULL,
    last_login timestamp with time zone,
    is_superuser boolean NOT NULL,
    username character varying(150) NOT NULL,
    first_name character varying(150) NOT NULL,
    last_name character varying(150) NOT NULL,
    email character varying(254) NOT NULL,
    is_staff boolean NOT NULL,
    is_active boolean NOT NULL,
    date_joined timestamp with time zone NOT NULL,
    is_email_verified boolean NOT NULL,
    secret_key character varying(50),
    user_phone character varying(15)
);


ALTER TABLE public."WatchIt_user" OWNER TO karan;

--
-- Name: WatchIt_user_groups; Type: TABLE; Schema: public; Owner: karan
--

CREATE TABLE public."WatchIt_user_groups" (
    id bigint NOT NULL,
    user_id bigint NOT NULL,
    group_id integer NOT NULL
);


ALTER TABLE public."WatchIt_user_groups" OWNER TO karan;

--
-- Name: WatchIt_user_groups_id_seq; Type: SEQUENCE; Schema: public; Owner: karan
--

ALTER TABLE public."WatchIt_user_groups" ALTER COLUMN id ADD GENERATED BY DEFAULT AS IDENTITY (
    SEQUENCE NAME public."WatchIt_user_groups_id_seq"
    START WITH 1
    INCREMENT BY 1
    NO MINVALUE
    NO MAXVALUE
    CACHE 1
);


--
-- Name: WatchIt_user_id_seq; Type: SEQUENCE; Schema: public; Owner: karan
--

ALTER TABLE public."WatchIt_user" ALTER COLUMN id ADD GENERATED BY DEFAULT AS IDENTITY (
    SEQUENCE NAME public."WatchIt_user_id_seq"
    START WITH 1
    INCREMENT BY 1
    NO MINVALUE
    NO MAXVALUE
    CACHE 1
);


--
-- Name: WatchIt_user_user_permissions; Type: TABLE; Schema: public; Owner: karan
--

CREATE TABLE public."WatchIt_user_user_permissions" (
    id bigint NOT NULL,
    user_id bigint NOT NULL,
    permission_id integer NOT NULL
);


ALTER TABLE public."WatchIt_user_user_permissions" OWNER TO karan;

--
-- Name: WatchIt_user_user_permissions_id_seq; Type: SEQUENCE; Schema: public; Owner: karan
--

ALTER TABLE public."WatchIt_user_user_permissions" ALTER COLUMN id ADD GENERATED BY DEFAULT AS IDENTITY (
    SEQUENCE NAME public."WatchIt_user_user_permissions_id_seq"
    START WITH 1
    INCREMENT BY 1
    NO MINVALUE
    NO MAXVALUE
    CACHE 1
);


--
-- Name: auth_group; Type: TABLE; Schema: public; Owner: karan
--

CREATE TABLE public.auth_group (
    id integer NOT NULL,
    name character varying(150) NOT NULL
);


ALTER TABLE public.auth_group OWNER TO karan;

--
-- Name: auth_group_id_seq; Type: SEQUENCE; Schema: public; Owner: karan
--

ALTER TABLE public.auth_group ALTER COLUMN id ADD GENERATED BY DEFAULT AS IDENTITY (
    SEQUENCE NAME public.auth_group_id_seq
    START WITH 1
    INCREMENT BY 1
    NO MINVALUE
    NO MAXVALUE
    CACHE 1
);


--
-- Name: auth_group_permissions; Type: TABLE; Schema: public; Owner: karan
--

CREATE TABLE public.auth_group_permissions (
    id bigint NOT NULL,
    group_id integer NOT NULL,
    permission_id integer NOT NULL
);


ALTER TABLE public.auth_group_permissions OWNER TO karan;

--
-- Name: auth_group_permissions_id_seq; Type: SEQUENCE; Schema: public; Owner: karan
--

ALTER TABLE public.auth_group_permissions ALTER COLUMN id ADD GENERATED BY DEFAULT AS IDENTITY (
    SEQUENCE NAME public.auth_group_permissions_id_seq
    START WITH 1
    INCREMENT BY 1
    NO MINVALUE
    NO MAXVALUE
    CACHE 1
);


--
-- Name: auth_permission; Type: TABLE; Schema: public; Owner: karan
--

CREATE TABLE public.auth_permission (
    id integer NOT NULL,
    name character varying(255) NOT NULL,
    content_type_id integer NOT NULL,
    codename character varying(100) NOT NULL
);


ALTER TABLE public.auth_permission OWNER TO karan;

--
-- Name: auth_permission_id_seq; Type: SEQUENCE; Schema: public; Owner: karan
--

ALTER TABLE public.auth_permission ALTER COLUMN id ADD GENERATED BY DEFAULT AS IDENTITY (
    SEQUENCE NAME public.auth_permission_id_seq
    START WITH 1
    INCREMENT BY 1
    NO MINVALUE
    NO MAXVALUE
    CACHE 1
);


--
-- Name: django_admin_log; Type: TABLE; Schema: public; Owner: karan
--

CREATE TABLE public.django_admin_log (
    id integer NOT NULL,
    action_time timestamp with time zone NOT NULL,
    object_id text,
    object_repr character varying(200) NOT NULL,
    action_flag smallint NOT NULL,
    change_message text NOT NULL,
    content_type_id integer,
    user_id bigint NOT NULL,
    CONSTRAINT django_admin_log_action_flag_check CHECK ((action_flag >= 0))
);


ALTER TABLE public.django_admin_log OWNER TO karan;

--
-- Name: django_admin_log_id_seq; Type: SEQUENCE; Schema: public; Owner: karan
--

ALTER TABLE public.django_admin_log ALTER COLUMN id ADD GENERATED BY DEFAULT AS IDENTITY (
    SEQUENCE NAME public.django_admin_log_id_seq
    START WITH 1
    INCREMENT BY 1
    NO MINVALUE
    NO MAXVALUE
    CACHE 1
);


--
-- Name: django_content_type; Type: TABLE; Schema: public; Owner: karan
--

CREATE TABLE public.django_content_type (
    id integer NOT NULL,
    app_label character varying(100) NOT NULL,
    model character varying(100) NOT NULL
);


ALTER TABLE public.django_content_type OWNER TO karan;

--
-- Name: django_content_type_id_seq; Type: SEQUENCE; Schema: public; Owner: karan
--

ALTER TABLE public.django_content_type ALTER COLUMN id ADD GENERATED BY DEFAULT AS IDENTITY (
    SEQUENCE NAME public.django_content_type_id_seq
    START WITH 1
    INCREMENT BY 1
    NO MINVALUE
    NO MAXVALUE
    CACHE 1
);


--
-- Name: django_migrations; Type: TABLE; Schema: public; Owner: karan
--

CREATE TABLE public.django_migrations (
    id bigint NOT NULL,
    app character varying(255) NOT NULL,
    name character varying(255) NOT NULL,
    applied timestamp with time zone NOT NULL
);


ALTER TABLE public.django_migrations OWNER TO karan;

--
-- Name: django_migrations_id_seq; Type: SEQUENCE; Schema: public; Owner: karan
--

ALTER TABLE public.django_migrations ALTER COLUMN id ADD GENERATED BY DEFAULT AS IDENTITY (
    SEQUENCE NAME public.django_migrations_id_seq
    START WITH 1
    INCREMENT BY 1
    NO MINVALUE
    NO MAXVALUE
    CACHE 1
);


--
-- Name: django_session; Type: TABLE; Schema: public; Owner: karan
--

CREATE TABLE public.django_session (
    session_key character varying(40) NOT NULL,
    session_data text NOT NULL,
    expire_date timestamp with time zone NOT NULL
);


ALTER TABLE public.django_session OWNER TO karan;

--
-- Data for Name: WatchIt_booking; Type: TABLE DATA; Schema: public; Owner: karan
--

COPY public."WatchIt_booking" (id, booking_date, payment_amount, num_seats, edited, charge_id, card_last4, cinema_hall_id, movie_id, showtime_id, user_id, adults, children) FROM stdin;
34	2024-06-04 14:17:40.88075+12	60.00	6	f	pi_3PNmwQDGr86VR9Mc04hbTxGs	4242	2	3	11	1	0	0
38	2024-06-04 17:25:39.287085+12	11.00	1	f	pi_3PNpsMDGr86VR9Mc1nVimCTG	4242	2	3	11	1	0	0
39	2024-06-07 17:27:26.322212+12	31.00	3	t	pi_3POvKjDGr86VR9Mc1T8SGa1E	4242	2	2	23	1	2	1
\.


--
-- Data for Name: WatchIt_booking_seats; Type: TABLE DATA; Schema: public; Owner: karan
--

COPY public."WatchIt_booking_seats" (id, booking_id, seat_id) FROM stdin;
98	34	624
99	34	625
100	34	626
101	34	627
102	34	628
103	34	629
113	38	630
117	39	1632
118	39	1633
119	39	1631
\.


--
-- Data for Name: WatchIt_cinemahall; Type: TABLE DATA; Schema: public; Owner: karan
--

COPY public."WatchIt_cinemahall" (id, cinema_type, num_rows, num_cols, adult_price, child_price) FROM stdin;
3	Premium	9	9	10.00	8.00
2	Deluxe	11	11	11.00	9.00
1	Standard	5	5	7.50	2.50
4	Vx	10	10	15.00	10.00
5	Test Type	5	5	\N	\N
6	Test Type	5	5	\N	\N
7	Test again	10	10	\N	\N
\.


--
-- Data for Name: WatchIt_deals; Type: TABLE DATA; Schema: public; Owner: karan
--

COPY public."WatchIt_deals" (id, "Meal", "Price", description, image) FROM stdin;
\.


--
-- Data for Name: WatchIt_feedback; Type: TABLE DATA; Schema: public; Owner: karan
--

COPY public."WatchIt_feedback" (id, subject, feedback, file, created_at, approved, reviewed, user_id) FROM stdin;
1	Change seats	ddddddddddddd	feedback_files/My_Photo_6nvL1H7.jpg	2024-06-04 17:18:31+12	t	f	1
\.


--
-- Data for Name: WatchIt_movie; Type: TABLE DATA; Schema: public; Owner: karan
--

COPY public."WatchIt_movie" (id, title, description, duration, starring, director, release_date, language, "ageRating", image, trailer) FROM stdin;
5	testing db	gonna delete this	123	me	me	2024-06-29	English	PG-13	movie_images/bnr-Improving_Canadas_Biodiversity_with_Terrestrial_Offsets.jpg	https://youtu.be/ByAn8DF8Ykk
2	Abigail	After a group of criminals kidnap the ballerina daughter of a powerful underworld figure, they retreat to an isolated mansion, unaware that they're locked inside with no normal little girl.	149	Melissa Barrera - Joey\r\nDan Stevens - Frank\r\nAlisha Weir - Abigail\r\nWilliam Catlett - Rickles (as Will Catlett)\r\nKathryn Newton - Sammy\r\nKevin Durand - Peter\r\nAngus Cloud - Dean\r\nGiancarlo Esposito - Lambert\r\nMatthew Goode - Father	Matt Bettinelli-Olpin\t\r\nTyler Gillett	2024-05-25	English	R	movie_images/Abigail_WZgAyUe.jpeg	https://youtu.be/ByAn8DF8Ykk
3	new movie	ffffffff	100	gWRRggggggggggggggg	nnnnnnnnnnnnnnnnnnnnnnnnnnnn	2024-05-29	English	PG-13	movie_images/deadpool_qo1iZKd.jpg	https://youtu.be/ByAn8DF8Ykk
1	The Garfield Movie	Garfield (voiced by Chris Pratt), the world-famous, Monday-hating, lasagna-loving indoor cat, is about to have a wild outdoor adventure! After an unexpected reunion with his long-lost father – scruffy street cat Vic (voiced by Samuel L. Jackson) – Garfield and his canine friend Odie are forced from their perfectly pampered life into joining Vic in a hilarious, high-stakes heist.	101	Garfield (voiced by Chris Pratt), the world-famous, Monday-hating, lasagna-loving indoor cat, is about to have a wild outdoor adventure! After an unexpected reunion with his long-lost father – scruffy street cat Vic (voiced by Samuel L. Jackson) – Garfield and his canine friend Odie are forced from their perfectly pampered life into joining Vic in a hilarious, high-stakes heist.	Mark Dindal	2024-05-20	English	G	movie_images/Garfield_nwtxCJF.jpeg	https://youtu.be/ByAn8DF8Ykk
\.


--
-- Data for Name: WatchIt_movie_tags; Type: TABLE DATA; Schema: public; Owner: karan
--

COPY public."WatchIt_movie_tags" (id, movie_id, tag_id) FROM stdin;
3	1	3
4	1	4
5	1	5
6	1	6
7	1	7
8	1	8
9	1	9
10	2	10
11	3	1
12	3	4
13	5	8
\.


--
-- Data for Name: WatchIt_passwordresettoken; Type: TABLE DATA; Schema: public; Owner: karan
--

COPY public."WatchIt_passwordresettoken" (id, token, created_at, used, user_id) FROM stdin;
\.


--
-- Data for Name: WatchIt_seat; Type: TABLE DATA; Schema: public; Owner: karan
--

COPY public."WatchIt_seat" (id, seat_label, availability, showtime_id) FROM stdin;
631	B3	t	11
632	B4	t	11
633	B5	t	11
634	C1	t	11
635	C2	t	11
636	C3	t	11
637	C4	t	11
638	C5	t	11
639	D1	t	11
640	D2	t	11
641	D3	t	11
642	D4	t	11
643	D5	t	11
644	E1	t	11
645	E2	t	11
646	E3	t	11
647	E4	t	11
648	E5	t	11
1124	J10	f	12
1112	I8	t	12
1113	I9	t	12
1114	I10	t	12
1115	J1	t	12
1116	J2	t	12
1117	J3	t	12
1118	J4	t	12
1119	J5	t	12
1120	J6	t	12
1121	J7	t	12
1122	J8	t	12
1123	J9	t	12
1025	A1	t	12
1026	A2	t	12
1027	A3	t	12
1028	A4	t	12
1029	A5	t	12
1030	A6	t	12
1031	A7	t	12
1032	A8	t	12
1033	A9	t	12
1034	A10	t	12
1035	B1	t	12
1036	B2	t	12
1037	B3	t	12
1038	B4	t	12
1039	B5	t	12
1040	B6	t	12
1041	B7	t	12
1042	B8	t	12
1043	B9	t	12
1044	B10	t	12
1045	C1	t	12
1046	C2	t	12
1047	C3	t	12
1048	C4	t	12
1049	C5	t	12
1050	C6	t	12
1051	C7	t	12
1052	C8	t	12
1053	C9	t	12
1054	C10	t	12
1055	D1	t	12
1056	D2	t	12
1057	D3	t	12
1058	D4	t	12
1059	D5	t	12
1060	D6	t	12
1061	D7	t	12
1062	D8	t	12
1063	D9	t	12
1064	D10	t	12
1065	E1	t	12
1066	E2	t	12
1067	E3	t	12
1068	E4	t	12
1069	E5	t	12
1070	E6	t	12
1071	E7	t	12
1072	E8	t	12
1073	E9	t	12
1074	E10	t	12
1075	F1	t	12
1076	F2	t	12
1077	F3	t	12
1078	F4	t	12
1079	F5	t	12
1080	F6	t	12
1081	F7	t	12
1082	F8	t	12
1083	F9	t	12
1084	F10	t	12
1085	G1	t	12
1086	G2	t	12
1087	G3	t	12
1088	G4	t	12
1089	G5	t	12
1090	G6	t	12
1091	G7	t	12
1092	G8	t	12
1093	G9	t	12
1094	G10	t	12
1095	H1	t	12
1096	H2	t	12
1097	H3	t	12
1098	H4	t	12
1099	H5	t	12
1100	H6	t	12
1101	H7	t	12
1102	H8	t	12
1103	H9	t	12
1104	H10	t	12
1105	I1	t	12
1106	I2	t	12
1107	I3	t	12
1108	I4	t	12
1109	I5	t	12
1110	I6	t	12
1111	I7	t	12
630	B2	t	11
624	A1	f	11
625	A2	f	11
626	A3	f	11
627	A4	f	11
628	A5	f	11
629	B1	f	11
1608	A4	t	22
1609	A5	t	22
1610	B1	t	22
1611	B2	t	22
1612	B3	t	22
1613	B4	t	22
1614	B5	t	22
1615	C1	t	22
1616	C2	t	22
1617	C3	t	22
1618	C4	t	22
1619	C5	t	22
1620	D1	t	22
1621	D2	t	22
1622	D3	t	22
1623	D4	t	22
1624	D5	t	22
1625	E1	t	22
1626	E2	t	22
1627	E3	t	22
1628	E4	t	22
1629	E5	t	22
1630	A1	t	23
1634	A5	t	23
1635	A6	t	23
1636	A7	t	23
1631	A2	f	23
1632	A3	f	23
1637	A8	t	23
1638	A9	t	23
1639	A10	t	23
1640	A11	t	23
1641	B1	t	23
1642	B2	t	23
1643	B3	t	23
1644	B4	t	23
1645	B5	t	23
1646	B6	t	23
1647	B7	t	23
1648	B8	t	23
1649	B9	t	23
1650	B10	t	23
1651	B11	t	23
1652	C1	t	23
1653	C2	t	23
1654	C3	t	23
1655	C4	t	23
1656	C5	t	23
1657	C6	t	23
1658	C7	t	23
1659	C8	t	23
1660	C9	t	23
1661	C10	t	23
1662	C11	t	23
1663	D1	t	23
1664	D2	t	23
1665	D3	t	23
1666	D4	t	23
1667	D5	t	23
1668	D6	t	23
1669	D7	t	23
1670	D8	t	23
1671	D9	t	23
1672	D10	t	23
1673	D11	t	23
1674	E1	t	23
1675	E2	t	23
1676	E3	t	23
1677	E4	t	23
1678	E5	t	23
1679	E6	t	23
1680	E7	t	23
1681	E8	t	23
1682	E9	t	23
1683	E10	t	23
1684	E11	t	23
1685	F1	t	23
1686	F2	t	23
1687	F3	t	23
1688	F4	t	23
1689	F5	t	23
1690	F6	t	23
1691	F7	t	23
1692	F8	t	23
1693	F9	t	23
1694	F10	t	23
1695	F11	t	23
1696	G1	t	23
1697	G2	t	23
1698	G3	t	23
1699	G4	t	23
1700	G5	t	23
1701	G6	t	23
1702	G7	t	23
1703	G8	t	23
1704	G9	t	23
1705	G10	t	23
1706	G11	t	23
1707	H1	t	23
1708	H2	t	23
1709	H3	t	23
1710	H4	t	23
1711	H5	t	23
1712	H6	t	23
1713	H7	t	23
1714	H8	t	23
1715	H9	t	23
1716	H10	t	23
1717	H11	t	23
1718	I1	t	23
1719	I2	t	23
1720	I3	t	23
1721	I4	t	23
1722	I5	t	23
1723	I6	t	23
1724	I7	t	23
1725	I8	t	23
1726	I9	t	23
1727	I10	t	23
1728	I11	t	23
1729	J1	t	23
1730	J2	t	23
1731	J3	t	23
1732	J4	t	23
1733	J5	t	23
1734	J6	t	23
1735	J7	t	23
1736	J8	t	23
1737	J9	t	23
1738	J10	t	23
1739	J11	t	23
1740	K1	t	23
1741	K2	t	23
1742	K3	t	23
1743	K4	t	23
1744	K5	t	23
1745	K6	t	23
1746	K7	t	23
1747	K8	t	23
1748	K9	t	23
1749	K10	t	23
1750	K11	t	23
1606	A2	t	22
1605	A1	t	22
1607	A3	t	22
1633	A4	f	23
\.


--
-- Data for Name: WatchIt_showtime; Type: TABLE DATA; Schema: public; Owner: karan
--

COPY public."WatchIt_showtime" (id, showtime, seats_generated, cinema_hall_id, movie_id) FROM stdin;
12	2024-06-16 23:48:00+12	t	4	2
11	2024-06-07 10:06:00+12	f	2	3
22	2024-06-14 19:07:00+12	t	1	1
23	2024-06-14 21:30:00+12	t	2	2
\.


--
-- Data for Name: WatchIt_tag; Type: TABLE DATA; Schema: public; Owner: karan
--

COPY public."WatchIt_tag" (id, name) FROM stdin;
1	Action
3	Animation
4	Children's Film
5	Comedy
6	Adventure
7	Family Film
8	Fantasy
9	Slapstick
10	Horror
\.


--
-- Data for Name: WatchIt_user; Type: TABLE DATA; Schema: public; Owner: karan
--

COPY public."WatchIt_user" (id, password, last_login, is_superuser, username, first_name, last_name, email, is_staff, is_active, date_joined, is_email_verified, secret_key, user_phone) FROM stdin;
1	pbkdf2_sha256$600000$2M25qvpQKWe3B5XGm2fG7y$PHiv11/PHBuUPzaG7li21TgkUNBE8UdVP9TJTEa8JYc=	2024-06-07 16:04:02.298531+12	t	karan			story@gmail.com	t	t	2024-06-07 16:02:29.420201+12	f	\N	\N
\.


--
-- Data for Name: WatchIt_user_groups; Type: TABLE DATA; Schema: public; Owner: karan
--

COPY public."WatchIt_user_groups" (id, user_id, group_id) FROM stdin;
1	1	1
\.


--
-- Data for Name: WatchIt_user_user_permissions; Type: TABLE DATA; Schema: public; Owner: karan
--

COPY public."WatchIt_user_user_permissions" (id, user_id, permission_id) FROM stdin;
1	1	1
2	1	2
3	1	3
4	1	4
5	1	5
6	1	6
7	1	7
8	1	8
9	1	9
10	1	10
11	1	11
12	1	12
13	1	13
14	1	14
15	1	15
16	1	16
17	1	17
18	1	18
19	1	19
20	1	20
21	1	21
22	1	22
23	1	23
24	1	24
25	1	25
26	1	26
27	1	27
28	1	28
29	1	29
30	1	30
31	1	31
32	1	32
33	1	33
34	1	34
35	1	35
36	1	36
37	1	37
38	1	38
39	1	39
40	1	40
41	1	46
42	1	47
43	1	48
44	1	53
45	1	54
46	1	55
47	1	56
48	1	57
49	1	58
50	1	59
51	1	60
\.


--
-- Data for Name: auth_group; Type: TABLE DATA; Schema: public; Owner: karan
--

COPY public.auth_group (id, name) FROM stdin;
1	Admin
\.


--
-- Data for Name: auth_group_permissions; Type: TABLE DATA; Schema: public; Owner: karan
--

COPY public.auth_group_permissions (id, group_id, permission_id) FROM stdin;
1	1	1
2	1	2
3	1	3
4	1	4
5	1	5
6	1	6
7	1	7
8	1	8
9	1	9
10	1	10
11	1	11
12	1	12
13	1	13
14	1	14
15	1	15
16	1	16
17	1	17
18	1	18
19	1	19
20	1	20
21	1	21
22	1	22
23	1	23
24	1	24
25	1	25
26	1	26
27	1	27
28	1	28
29	1	29
30	1	30
31	1	31
32	1	32
33	1	33
34	1	34
35	1	35
36	1	36
37	1	37
38	1	38
39	1	39
40	1	40
41	1	41
42	1	42
43	1	43
44	1	44
45	1	45
46	1	46
47	1	47
48	1	48
49	1	49
50	1	50
51	1	51
52	1	52
53	1	53
54	1	54
55	1	55
56	1	56
57	1	57
58	1	58
59	1	59
60	1	60
\.


--
-- Data for Name: auth_permission; Type: TABLE DATA; Schema: public; Owner: karan
--

COPY public.auth_permission (id, name, content_type_id, codename) FROM stdin;
1	Can add cinema hall	1	add_cinemahall
2	Can change cinema hall	1	change_cinemahall
3	Can delete cinema hall	1	delete_cinemahall
4	Can view cinema hall	1	view_cinemahall
5	Can add deals	2	add_deals
6	Can change deals	2	change_deals
7	Can delete deals	2	delete_deals
8	Can view deals	2	view_deals
9	Can add movie	3	add_movie
10	Can change movie	3	change_movie
11	Can delete movie	3	delete_movie
12	Can view movie	3	view_movie
13	Can add tag	4	add_tag
14	Can change tag	4	change_tag
15	Can delete tag	4	delete_tag
16	Can view tag	4	view_tag
17	Can add user	5	add_user
18	Can change user	5	change_user
19	Can delete user	5	delete_user
20	Can view user	5	view_user
21	Can add showtime	6	add_showtime
22	Can change showtime	6	change_showtime
23	Can delete showtime	6	delete_showtime
24	Can view showtime	6	view_showtime
25	Can add seat	7	add_seat
26	Can change seat	7	change_seat
27	Can delete seat	7	delete_seat
28	Can view seat	7	view_seat
29	Can add password reset token	8	add_passwordresettoken
30	Can change password reset token	8	change_passwordresettoken
31	Can delete password reset token	8	delete_passwordresettoken
32	Can view password reset token	8	view_passwordresettoken
33	Can add feedback	9	add_feedback
34	Can change feedback	9	change_feedback
35	Can delete feedback	9	delete_feedback
36	Can view feedback	9	view_feedback
37	Can add booking	10	add_booking
38	Can change booking	10	change_booking
39	Can delete booking	10	delete_booking
40	Can view booking	10	view_booking
41	Can add log entry	11	add_logentry
42	Can change log entry	11	change_logentry
43	Can delete log entry	11	delete_logentry
44	Can view log entry	11	view_logentry
45	Can add permission	12	add_permission
46	Can change permission	12	change_permission
47	Can delete permission	12	delete_permission
48	Can view permission	12	view_permission
49	Can add group	13	add_group
50	Can change group	13	change_group
51	Can delete group	13	delete_group
52	Can view group	13	view_group
53	Can add content type	14	add_contenttype
54	Can change content type	14	change_contenttype
55	Can delete content type	14	delete_contenttype
56	Can view content type	14	view_contenttype
57	Can add session	15	add_session
58	Can change session	15	change_session
59	Can delete session	15	delete_session
60	Can view session	15	view_session
\.


--
-- Data for Name: django_admin_log; Type: TABLE DATA; Schema: public; Owner: karan
--

COPY public.django_admin_log (id, action_time, object_id, object_repr, action_flag, change_message, content_type_id, user_id) FROM stdin;
1	2024-06-04 17:18:41.704286+12	1	Change seats	2	[{"changed": {"fields": ["Approved"]}}]	9	1
120	2024-06-04 17:26:14.510388+12	38	Booking for new movie on 2024-06-04 05:25:39.287085+00:00	3		10	1
121	2024-06-06 19:29:35.488491+12	34	Booking for new movie on 2024-06-04 02:17:40.880750+00:00	3		10	1
122	2024-06-07 16:07:30.66008+12	22	The Garfield Movie at 2024-06-14 19:07:00+12:00	1	[{"added": {}}]	6	1
123	2024-06-07 17:26:24.853616+12	23	Abigail at 2024-06-14 21:30:00+12:00	1	[{"added": {}}]	6	1
\.


--
-- Data for Name: django_content_type; Type: TABLE DATA; Schema: public; Owner: karan
--

COPY public.django_content_type (id, app_label, model) FROM stdin;
1	WatchIt	cinemahall
2	WatchIt	deals
3	WatchIt	movie
4	WatchIt	tag
5	WatchIt	user
6	WatchIt	showtime
7	WatchIt	seat
8	WatchIt	passwordresettoken
9	WatchIt	feedback
10	WatchIt	booking
11	admin	logentry
12	auth	permission
13	auth	group
14	contenttypes	contenttype
15	sessions	session
\.


--
-- Data for Name: django_migrations; Type: TABLE DATA; Schema: public; Owner: karan
--

COPY public.django_migrations (id, app, name, applied) FROM stdin;
1	contenttypes	0001_initial	2024-06-07 16:00:39.539601+12
2	contenttypes	0002_remove_content_type_name	2024-06-07 16:00:39.55851+12
3	auth	0001_initial	2024-06-07 16:00:39.646444+12
4	auth	0002_alter_permission_name_max_length	2024-06-07 16:00:39.653453+12
5	auth	0003_alter_user_email_max_length	2024-06-07 16:00:39.665452+12
6	auth	0004_alter_user_username_opts	2024-06-07 16:00:39.67597+12
7	auth	0005_alter_user_last_login_null	2024-06-07 16:00:39.683914+12
8	auth	0006_require_contenttypes_0002	2024-06-07 16:00:39.686915+12
9	auth	0007_alter_validators_add_error_messages	2024-06-07 16:00:39.693389+12
10	auth	0008_alter_user_username_max_length	2024-06-07 16:00:39.698369+12
11	auth	0009_alter_user_last_name_max_length	2024-06-07 16:00:39.708465+12
12	auth	0010_alter_group_name_max_length	2024-06-07 16:00:39.720274+12
13	auth	0011_update_proxy_permissions	2024-06-07 16:00:39.72857+12
14	auth	0012_alter_user_first_name_max_length	2024-06-07 16:00:39.733576+12
15	WatchIt	0001_initial	2024-06-07 16:00:40.087668+12
16	WatchIt	0002_user_user_phone	2024-06-07 16:00:40.097584+12
17	admin	0001_initial	2024-06-07 16:00:40.150622+12
18	admin	0002_logentry_remove_auto_add	2024-06-07 16:00:40.172709+12
19	admin	0003_logentry_add_action_flag_choices	2024-06-07 16:00:40.196666+12
20	sessions	0001_initial	2024-06-07 16:00:40.231973+12
31	WatchIt	0003_booking_adults_booking_children	2024-06-07 17:22:22.397992+12
32	WatchIt	0004_alter_booking_adults_alter_booking_children	2024-06-07 17:22:22.443777+12
\.


--
-- Data for Name: django_session; Type: TABLE DATA; Schema: public; Owner: karan
--

COPY public.django_session (session_key, session_data, expire_date) FROM stdin;
s3uovtn555bsrl0xkstvrmdhj51wb0g0	.eJxVjMEOwiAQBf-FsyFAgQWP3v0GsiwgVQNJaU_Gf9cmPej1zcx7sYDbWsM28hLmxM5MstPvFpEeue0g3bHdOqfe1mWOfFf4QQe_9pSfl8P9O6g46rd2ZICEIVJakRHFFwkCorTOGZImks7KpGzRChRx0mD9JJTyBYoi6YC9P86PNxA:1sB5k3:byxlz3y1X9nufLTl7GJwbt_nrNoA94KDierzTurW_d4	2024-06-09 16:44:19.082295+12
ja1ov4iot92sooxk6rgo5ig9gqu75i4s	.eJxVjMEOwiAQBf-FsyFAgQWP3v0GsiwgVQNJaU_Gf9cmPej1zcx7sYDbWsM28hLmxM5MstPvFpEeue0g3bHdOqfe1mWOfFf4QQe_9pSfl8P9O6g46rd2ZICEIVJakRHFFwkCorTOGZImks7KpGzRChRx0mD9JJTyBYoi6YC9P86PNxA:1sCQlK:z1m4x3AuHlFA20Y_B8Jlzdinr7VFQX8n7QMpuQ1499Y	2024-06-13 09:23:10.312729+12
7t5msr3gy9eq140np6lskm4apmnazowr	.eJxVjMEOwiAQBf-FsyFAgQWP3v0GsiwgVQNJaU_Gf9cmPej1zcx7sYDbWsM28hLmxM5MstPvFpEeue0g3bHdOqfe1mWOfFf4QQe_9pSfl8P9O6g46rd2ZICEIVJakRHFFwkCorTOGZImks7KpGzRChRx0mD9JJTyBYoi6YC9P86PNxA:1sCvh6:7cUSZZoITHOoKUi8VaqL49YsuIg9UgZItJYbjRQ1GHw	2024-06-14 18:24:52.258892+12
puybsbsb3erx2k912q6mdobkk8vys6as	.eJxVjMEOwiAQBf-FsyFAgQWP3v0GsiwgVQNJaU_Gf9cmPej1zcx7sYDbWsM28hLmxM5MstPvFpEeue0g3bHdOqfe1mWOfFf4QQe_9pSfl8P9O6g46rd2ZICEIVJakRHFFwkCorTOGZImks7KpGzRChRx0mD9JJTyBYoi6YC9P86PNxA:1sCvky:YAjUbqQlJOFoCTLTRa0837IQZuqsFQGX-B4ggbzccC0	2024-06-14 18:28:52.632083+12
tn6ppwazvdad4mfy5mniwfmqbtvtd939	.eJxVjMEOwiAQBf-FsyFAgQWP3v0GsiwgVQNJaU_Gf9cmPej1zcx7sYDbWsM28hLmxM5MstPvFpEeue0g3bHdOqfe1mWOfFf4QQe_9pSfl8P9O6g46rd2ZICEIVJakRHFFwkCorTOGZImks7KpGzRChRx0mD9JJTyBYoi6YC9P86PNxA:1sCvwj:q9UMFadmlCDVZPDWlvOPg2VbJNX3dp8lSw3bzzsp8xE	2024-06-14 18:41:01.912833+12
5lroy8lrj0yizurj39m6q3l0m6go0rob	.eJxVjMEOwiAQBf-FsyFAgQWP3v0GsiwgVQNJaU_Gf9cmPej1zcx7sYDbWsM28hLmxM5MstPvFpEeue0g3bHdOqfe1mWOfFf4QQe_9pSfl8P9O6g46rd2ZICEIVJakRHFFwkCorTOGZImks7KpGzRChRx0mD9JJTyBYoi6YC9P86PNxA:1sCwd3:kbPhxUDCvzVU5mHiRky9mxzlaj_WtXr0R99xrv3kdHA	2024-06-14 19:24:45.753451+12
lf9aqwrv7vdzzo8rvlz8ylv7b66iodpo	.eJxVjMEOwiAQBf-FsyFAgQWP3v0GsiwgVQNJaU_Gf9cmPej1zcx7sYDbWsM28hLmxM5MstPvFpEeue0g3bHdOqfe1mWOfFf4QQe_9pSfl8P9O6g46rd2ZICEIVJakRHFFwkCorTOGZImks7KpGzRChRx0mD9JJTyBYoi6YC9P86PNxA:1sCwfo:hS9sdxg3FPeaqdPotxMwpPUnXBn-Mncyh3xb7MGLeQY	2024-06-14 19:27:36.068744+12
4ayui4keopzovqxvsk5cbujagnfg3wl8	.eJxVjMEOwiAQBf-FsyFAgQWP3v0GsiwgVQNJaU_Gf9cmPej1zcx7sYDbWsM28hLmxM5MstPvFpEeue0g3bHdOqfe1mWOfFf4QQe_9pSfl8P9O6g46rd2ZICEIVJakRHFFwkCorTOGZImks7KpGzRChRx0mD9JJTyBYoi6YC9P86PNxA:1sCwjJ:6sGPy-jSZClPkrbh2nfgK4EJrt0iMBZE_FU_TsO-a0o	2024-06-14 19:31:13.161041+12
qflngqlbc71yr9ir4a3kde9r38i199u2	.eJxVjMEOwiAQBf-FsyFAgQWP3v0GsiwgVQNJaU_Gf9cmPej1zcx7sYDbWsM28hLmxM5MstPvFpEeue0g3bHdOqfe1mWOfFf4QQe_9pSfl8P9O6g46rd2ZICEIVJakRHFFwkCorTOGZImks7KpGzRChRx0mD9JJTyBYoi6YC9P86PNxA:1sCwnT:O3l-3wbMyMtTl2VdeJG_BHyYWehubyYrlvAfwFWfmOY	2024-06-14 19:35:31.232321+12
dwv8wsnfnbxqyy3n9jjt0fcg7j0iicp1	.eJxVjMEOwiAQBf-FsyFAgQWP3v0GsiwgVQNJaU_Gf9cmPej1zcx7sYDbWsM28hLmxM5MstPvFpEeue0g3bHdOqfe1mWOfFf4QQe_9pSfl8P9O6g46rd2ZICEIVJakRHFFwkCorTOGZImks7KpGzRChRx0mD9JJTyBYoi6YC9P86PNxA:1sD3t6:_9XQ6QXd0QmcQakaPv-9EStyOd2lCTpgsAyZu86koUo	2024-06-15 03:09:48.934783+12
9f9omu85fo3yi899cj135zwycm0j0mpf	.eJxVj8uOwyAMRf-FdYSAhJB0Oft-AzLGSejQUAWiqqrm34dKmUeXPvf4Wn4yC3tZ7J5ps8GzE5Os-c8c4Cetr8BfYJ0Tx7SWLTj-UviRZn5OnuLH4b4VLJCXuj2gNig0ouoUajGNkzTCONkPg0apHXaktKceegHCtZ3px1YoNU5mUigHU0vB77HYEuqRktlJNQyXEP0fkQ0rqUC0ty0g1dlw_YN-pbZhd4qYrmSvlDPMZH3ItwgPql-WbaevbztQXKs:1sEL0I:pnI5e7c0fikJ0qw3liUV9uaQ8eUpRSJO-LLMWEkuofw	2024-06-18 15:38:30.870548+12
7x42d6ajwf355z7rrmbmgxr294vx8jin	.eJxVjs1uwyAQhN-Fs4UM_iXH3vsMaNldbFpiIoNVRVHePbYU1e31m29G8xAWtjLbLfNqA4mLUKL6yxzgNy9HQF-wTEliWsoanDwU-U6z_EzE8ePt_huYIc97G5UHP4zeKNCuG3scXGdgdHrwPTpD2mNbm17X2nnXcNNyZ7TShqhF1TbH6A9HTFe2V84ZJrYU8i3CnfdzZd24EkBbLLaE_UXJ4qIqgXOIdJK6EiUViPa2BuTdUPIXnbXnC02wXcQ:1sEMfk:s6k1h4fPiFOen428lqTP9R87KP0lv9jxyLhN9obnvdU	2024-06-18 17:25:24.224397+12
5owwg5eovir1qadn67gkv0eeeifvdeqc	.eJxVkN1uwyAMhd-F6yhqID-ll7vvE0wTMthJWAlUAVRN0959sHZ_V4bjz0fHfmcKclpVjrQri-zEOtb81TSYC_nawFfwS2hN8Gm3uq1I--jG9hyQ3NOD_WewQlzrNBfTMBiJI-c9SugHDVzwCQ_T3A3zfDxoI3BGDeMkj8i5HKHrdScB0UjBi-mNnAkbqY1ihIUU2nh18EYlXNozNQwwu6SSLSlSZCfeMLNah79K17AUEjh13a2h8p_a4Vv6gUQx2kL2SWGujKiMDuFi_fJ1IiEbFtdwS7aEqQIvI8Z62qBs69xdKwxBKu9i-cy6UdTDlsLvRbCXj0_myXzA:1sFS9m:gnWD8fzMLbeeLxXuannbAVLtOrSJvA6D_WJUoPiIsZM	2024-06-21 17:28:54.435306+12
\.


--
-- Name: WatchIt_booking_id_seq; Type: SEQUENCE SET; Schema: public; Owner: karan
--

SELECT pg_catalog.setval('public."WatchIt_booking_id_seq"', 39, true);


--
-- Name: WatchIt_booking_seats_id_seq; Type: SEQUENCE SET; Schema: public; Owner: karan
--

SELECT pg_catalog.setval('public."WatchIt_booking_seats_id_seq"', 119, true);


--
-- Name: WatchIt_cinemahall_id_seq; Type: SEQUENCE SET; Schema: public; Owner: karan
--

SELECT pg_catalog.setval('public."WatchIt_cinemahall_id_seq"', 7, true);


--
-- Name: WatchIt_deals_id_seq; Type: SEQUENCE SET; Schema: public; Owner: karan
--

SELECT pg_catalog.setval('public."WatchIt_deals_id_seq"', 1, false);


--
-- Name: WatchIt_feedback_id_seq; Type: SEQUENCE SET; Schema: public; Owner: karan
--

SELECT pg_catalog.setval('public."WatchIt_feedback_id_seq"', 8, true);


--
-- Name: WatchIt_movie_id_seq; Type: SEQUENCE SET; Schema: public; Owner: karan
--

SELECT pg_catalog.setval('public."WatchIt_movie_id_seq"', 5, true);


--
-- Name: WatchIt_movie_tags_id_seq; Type: SEQUENCE SET; Schema: public; Owner: karan
--

SELECT pg_catalog.setval('public."WatchIt_movie_tags_id_seq"', 13, true);


--
-- Name: WatchIt_passwordresettoken_id_seq; Type: SEQUENCE SET; Schema: public; Owner: karan
--

SELECT pg_catalog.setval('public."WatchIt_passwordresettoken_id_seq"', 1, false);


--
-- Name: WatchIt_seat_id_seq; Type: SEQUENCE SET; Schema: public; Owner: karan
--

SELECT pg_catalog.setval('public."WatchIt_seat_id_seq"', 1750, true);


--
-- Name: WatchIt_showtime_id_seq; Type: SEQUENCE SET; Schema: public; Owner: karan
--

SELECT pg_catalog.setval('public."WatchIt_showtime_id_seq"', 23, true);


--
-- Name: WatchIt_tag_id_seq; Type: SEQUENCE SET; Schema: public; Owner: karan
--

SELECT pg_catalog.setval('public."WatchIt_tag_id_seq"', 10, true);


--
-- Name: WatchIt_user_groups_id_seq; Type: SEQUENCE SET; Schema: public; Owner: karan
--

SELECT pg_catalog.setval('public."WatchIt_user_groups_id_seq"', 1, true);


--
-- Name: WatchIt_user_id_seq; Type: SEQUENCE SET; Schema: public; Owner: karan
--

SELECT pg_catalog.setval('public."WatchIt_user_id_seq"', 2, true);


--
-- Name: WatchIt_user_user_permissions_id_seq; Type: SEQUENCE SET; Schema: public; Owner: karan
--

SELECT pg_catalog.setval('public."WatchIt_user_user_permissions_id_seq"', 51, true);


--
-- Name: auth_group_id_seq; Type: SEQUENCE SET; Schema: public; Owner: karan
--

SELECT pg_catalog.setval('public.auth_group_id_seq', 1, true);


--
-- Name: auth_group_permissions_id_seq; Type: SEQUENCE SET; Schema: public; Owner: karan
--

SELECT pg_catalog.setval('public.auth_group_permissions_id_seq', 60, true);


--
-- Name: auth_permission_id_seq; Type: SEQUENCE SET; Schema: public; Owner: karan
--

SELECT pg_catalog.setval('public.auth_permission_id_seq', 60, true);


--
-- Name: django_admin_log_id_seq; Type: SEQUENCE SET; Schema: public; Owner: karan
--

SELECT pg_catalog.setval('public.django_admin_log_id_seq', 123, true);


--
-- Name: django_content_type_id_seq; Type: SEQUENCE SET; Schema: public; Owner: karan
--

SELECT pg_catalog.setval('public.django_content_type_id_seq', 15, true);


--
-- Name: django_migrations_id_seq; Type: SEQUENCE SET; Schema: public; Owner: karan
--

SELECT pg_catalog.setval('public.django_migrations_id_seq', 32, true);


--
-- Name: WatchIt_booking WatchIt_booking_pkey; Type: CONSTRAINT; Schema: public; Owner: karan
--

ALTER TABLE ONLY public."WatchIt_booking"
    ADD CONSTRAINT "WatchIt_booking_pkey" PRIMARY KEY (id);


--
-- Name: WatchIt_booking_seats WatchIt_booking_seats_booking_id_seat_id_77e94c25_uniq; Type: CONSTRAINT; Schema: public; Owner: karan
--

ALTER TABLE ONLY public."WatchIt_booking_seats"
    ADD CONSTRAINT "WatchIt_booking_seats_booking_id_seat_id_77e94c25_uniq" UNIQUE (booking_id, seat_id);


--
-- Name: WatchIt_booking_seats WatchIt_booking_seats_pkey; Type: CONSTRAINT; Schema: public; Owner: karan
--

ALTER TABLE ONLY public."WatchIt_booking_seats"
    ADD CONSTRAINT "WatchIt_booking_seats_pkey" PRIMARY KEY (id);


--
-- Name: WatchIt_cinemahall WatchIt_cinemahall_pkey; Type: CONSTRAINT; Schema: public; Owner: karan
--

ALTER TABLE ONLY public."WatchIt_cinemahall"
    ADD CONSTRAINT "WatchIt_cinemahall_pkey" PRIMARY KEY (id);


--
-- Name: WatchIt_deals WatchIt_deals_pkey; Type: CONSTRAINT; Schema: public; Owner: karan
--

ALTER TABLE ONLY public."WatchIt_deals"
    ADD CONSTRAINT "WatchIt_deals_pkey" PRIMARY KEY (id);


--
-- Name: WatchIt_feedback WatchIt_feedback_pkey; Type: CONSTRAINT; Schema: public; Owner: karan
--

ALTER TABLE ONLY public."WatchIt_feedback"
    ADD CONSTRAINT "WatchIt_feedback_pkey" PRIMARY KEY (id);


--
-- Name: WatchIt_movie WatchIt_movie_pkey; Type: CONSTRAINT; Schema: public; Owner: karan
--

ALTER TABLE ONLY public."WatchIt_movie"
    ADD CONSTRAINT "WatchIt_movie_pkey" PRIMARY KEY (id);


--
-- Name: WatchIt_movie_tags WatchIt_movie_tags_movie_id_tag_id_76a7fa3d_uniq; Type: CONSTRAINT; Schema: public; Owner: karan
--

ALTER TABLE ONLY public."WatchIt_movie_tags"
    ADD CONSTRAINT "WatchIt_movie_tags_movie_id_tag_id_76a7fa3d_uniq" UNIQUE (movie_id, tag_id);


--
-- Name: WatchIt_movie_tags WatchIt_movie_tags_pkey; Type: CONSTRAINT; Schema: public; Owner: karan
--

ALTER TABLE ONLY public."WatchIt_movie_tags"
    ADD CONSTRAINT "WatchIt_movie_tags_pkey" PRIMARY KEY (id);


--
-- Name: WatchIt_passwordresettoken WatchIt_passwordresettoken_pkey; Type: CONSTRAINT; Schema: public; Owner: karan
--

ALTER TABLE ONLY public."WatchIt_passwordresettoken"
    ADD CONSTRAINT "WatchIt_passwordresettoken_pkey" PRIMARY KEY (id);


--
-- Name: WatchIt_passwordresettoken WatchIt_passwordresettoken_token_key; Type: CONSTRAINT; Schema: public; Owner: karan
--

ALTER TABLE ONLY public."WatchIt_passwordresettoken"
    ADD CONSTRAINT "WatchIt_passwordresettoken_token_key" UNIQUE (token);


--
-- Name: WatchIt_seat WatchIt_seat_pkey; Type: CONSTRAINT; Schema: public; Owner: karan
--

ALTER TABLE ONLY public."WatchIt_seat"
    ADD CONSTRAINT "WatchIt_seat_pkey" PRIMARY KEY (id);


--
-- Name: WatchIt_showtime WatchIt_showtime_pkey; Type: CONSTRAINT; Schema: public; Owner: karan
--

ALTER TABLE ONLY public."WatchIt_showtime"
    ADD CONSTRAINT "WatchIt_showtime_pkey" PRIMARY KEY (id);


--
-- Name: WatchIt_tag WatchIt_tag_pkey; Type: CONSTRAINT; Schema: public; Owner: karan
--

ALTER TABLE ONLY public."WatchIt_tag"
    ADD CONSTRAINT "WatchIt_tag_pkey" PRIMARY KEY (id);


--
-- Name: WatchIt_user_groups WatchIt_user_groups_pkey; Type: CONSTRAINT; Schema: public; Owner: karan
--

ALTER TABLE ONLY public."WatchIt_user_groups"
    ADD CONSTRAINT "WatchIt_user_groups_pkey" PRIMARY KEY (id);


--
-- Name: WatchIt_user_groups WatchIt_user_groups_user_id_group_id_95231bd9_uniq; Type: CONSTRAINT; Schema: public; Owner: karan
--

ALTER TABLE ONLY public."WatchIt_user_groups"
    ADD CONSTRAINT "WatchIt_user_groups_user_id_group_id_95231bd9_uniq" UNIQUE (user_id, group_id);


--
-- Name: WatchIt_user WatchIt_user_pkey; Type: CONSTRAINT; Schema: public; Owner: karan
--

ALTER TABLE ONLY public."WatchIt_user"
    ADD CONSTRAINT "WatchIt_user_pkey" PRIMARY KEY (id);


--
-- Name: WatchIt_user_user_permissions WatchIt_user_user_permis_user_id_permission_id_f2971cb1_uniq; Type: CONSTRAINT; Schema: public; Owner: karan
--

ALTER TABLE ONLY public."WatchIt_user_user_permissions"
    ADD CONSTRAINT "WatchIt_user_user_permis_user_id_permission_id_f2971cb1_uniq" UNIQUE (user_id, permission_id);


--
-- Name: WatchIt_user_user_permissions WatchIt_user_user_permissions_pkey; Type: CONSTRAINT; Schema: public; Owner: karan
--

ALTER TABLE ONLY public."WatchIt_user_user_permissions"
    ADD CONSTRAINT "WatchIt_user_user_permissions_pkey" PRIMARY KEY (id);


--
-- Name: WatchIt_user WatchIt_user_username_key; Type: CONSTRAINT; Schema: public; Owner: karan
--

ALTER TABLE ONLY public."WatchIt_user"
    ADD CONSTRAINT "WatchIt_user_username_key" UNIQUE (username);


--
-- Name: auth_group auth_group_name_key; Type: CONSTRAINT; Schema: public; Owner: karan
--

ALTER TABLE ONLY public.auth_group
    ADD CONSTRAINT auth_group_name_key UNIQUE (name);


--
-- Name: auth_group_permissions auth_group_permissions_group_id_permission_id_0cd325b0_uniq; Type: CONSTRAINT; Schema: public; Owner: karan
--

ALTER TABLE ONLY public.auth_group_permissions
    ADD CONSTRAINT auth_group_permissions_group_id_permission_id_0cd325b0_uniq UNIQUE (group_id, permission_id);


--
-- Name: auth_group_permissions auth_group_permissions_pkey; Type: CONSTRAINT; Schema: public; Owner: karan
--

ALTER TABLE ONLY public.auth_group_permissions
    ADD CONSTRAINT auth_group_permissions_pkey PRIMARY KEY (id);


--
-- Name: auth_group auth_group_pkey; Type: CONSTRAINT; Schema: public; Owner: karan
--

ALTER TABLE ONLY public.auth_group
    ADD CONSTRAINT auth_group_pkey PRIMARY KEY (id);


--
-- Name: auth_permission auth_permission_content_type_id_codename_01ab375a_uniq; Type: CONSTRAINT; Schema: public; Owner: karan
--

ALTER TABLE ONLY public.auth_permission
    ADD CONSTRAINT auth_permission_content_type_id_codename_01ab375a_uniq UNIQUE (content_type_id, codename);


--
-- Name: auth_permission auth_permission_pkey; Type: CONSTRAINT; Schema: public; Owner: karan
--

ALTER TABLE ONLY public.auth_permission
    ADD CONSTRAINT auth_permission_pkey PRIMARY KEY (id);


--
-- Name: django_admin_log django_admin_log_pkey; Type: CONSTRAINT; Schema: public; Owner: karan
--

ALTER TABLE ONLY public.django_admin_log
    ADD CONSTRAINT django_admin_log_pkey PRIMARY KEY (id);


--
-- Name: django_content_type django_content_type_app_label_model_76bd3d3b_uniq; Type: CONSTRAINT; Schema: public; Owner: karan
--

ALTER TABLE ONLY public.django_content_type
    ADD CONSTRAINT django_content_type_app_label_model_76bd3d3b_uniq UNIQUE (app_label, model);


--
-- Name: django_content_type django_content_type_pkey; Type: CONSTRAINT; Schema: public; Owner: karan
--

ALTER TABLE ONLY public.django_content_type
    ADD CONSTRAINT django_content_type_pkey PRIMARY KEY (id);


--
-- Name: django_migrations django_migrations_pkey; Type: CONSTRAINT; Schema: public; Owner: karan
--

ALTER TABLE ONLY public.django_migrations
    ADD CONSTRAINT django_migrations_pkey PRIMARY KEY (id);


--
-- Name: django_session django_session_pkey; Type: CONSTRAINT; Schema: public; Owner: karan
--

ALTER TABLE ONLY public.django_session
    ADD CONSTRAINT django_session_pkey PRIMARY KEY (session_key);


--
-- Name: WatchIt_booking_cinema_hall_id_ab743b35; Type: INDEX; Schema: public; Owner: karan
--

CREATE INDEX "WatchIt_booking_cinema_hall_id_ab743b35" ON public."WatchIt_booking" USING btree (cinema_hall_id);


--
-- Name: WatchIt_booking_movie_id_4046a813; Type: INDEX; Schema: public; Owner: karan
--

CREATE INDEX "WatchIt_booking_movie_id_4046a813" ON public."WatchIt_booking" USING btree (movie_id);


--
-- Name: WatchIt_booking_seats_booking_id_1e22c13f; Type: INDEX; Schema: public; Owner: karan
--

CREATE INDEX "WatchIt_booking_seats_booking_id_1e22c13f" ON public."WatchIt_booking_seats" USING btree (booking_id);


--
-- Name: WatchIt_booking_seats_seat_id_12ba271d; Type: INDEX; Schema: public; Owner: karan
--

CREATE INDEX "WatchIt_booking_seats_seat_id_12ba271d" ON public."WatchIt_booking_seats" USING btree (seat_id);


--
-- Name: WatchIt_booking_showtime_id_4b2549c4; Type: INDEX; Schema: public; Owner: karan
--

CREATE INDEX "WatchIt_booking_showtime_id_4b2549c4" ON public."WatchIt_booking" USING btree (showtime_id);


--
-- Name: WatchIt_booking_user_id_7bff80ae; Type: INDEX; Schema: public; Owner: karan
--

CREATE INDEX "WatchIt_booking_user_id_7bff80ae" ON public."WatchIt_booking" USING btree (user_id);


--
-- Name: WatchIt_feedback_user_id_c3566390; Type: INDEX; Schema: public; Owner: karan
--

CREATE INDEX "WatchIt_feedback_user_id_c3566390" ON public."WatchIt_feedback" USING btree (user_id);


--
-- Name: WatchIt_movie_tags_movie_id_f13fd903; Type: INDEX; Schema: public; Owner: karan
--

CREATE INDEX "WatchIt_movie_tags_movie_id_f13fd903" ON public."WatchIt_movie_tags" USING btree (movie_id);


--
-- Name: WatchIt_movie_tags_tag_id_28780e11; Type: INDEX; Schema: public; Owner: karan
--

CREATE INDEX "WatchIt_movie_tags_tag_id_28780e11" ON public."WatchIt_movie_tags" USING btree (tag_id);


--
-- Name: WatchIt_passwordresettoken_token_1fcbec72_like; Type: INDEX; Schema: public; Owner: karan
--

CREATE INDEX "WatchIt_passwordresettoken_token_1fcbec72_like" ON public."WatchIt_passwordresettoken" USING btree (token varchar_pattern_ops);


--
-- Name: WatchIt_passwordresettoken_user_id_1e9323b9; Type: INDEX; Schema: public; Owner: karan
--

CREATE INDEX "WatchIt_passwordresettoken_user_id_1e9323b9" ON public."WatchIt_passwordresettoken" USING btree (user_id);


--
-- Name: WatchIt_seat_showtime_id_7b4972c5; Type: INDEX; Schema: public; Owner: karan
--

CREATE INDEX "WatchIt_seat_showtime_id_7b4972c5" ON public."WatchIt_seat" USING btree (showtime_id);


--
-- Name: WatchIt_showtime_cinema_hall_id_fd52f03b; Type: INDEX; Schema: public; Owner: karan
--

CREATE INDEX "WatchIt_showtime_cinema_hall_id_fd52f03b" ON public."WatchIt_showtime" USING btree (cinema_hall_id);


--
-- Name: WatchIt_showtime_movie_id_f654aa31; Type: INDEX; Schema: public; Owner: karan
--

CREATE INDEX "WatchIt_showtime_movie_id_f654aa31" ON public."WatchIt_showtime" USING btree (movie_id);


--
-- Name: WatchIt_user_groups_group_id_ddca038c; Type: INDEX; Schema: public; Owner: karan
--

CREATE INDEX "WatchIt_user_groups_group_id_ddca038c" ON public."WatchIt_user_groups" USING btree (group_id);


--
-- Name: WatchIt_user_groups_user_id_98e94e42; Type: INDEX; Schema: public; Owner: karan
--

CREATE INDEX "WatchIt_user_groups_user_id_98e94e42" ON public."WatchIt_user_groups" USING btree (user_id);


--
-- Name: WatchIt_user_user_permissions_permission_id_b4c6ad79; Type: INDEX; Schema: public; Owner: karan
--

CREATE INDEX "WatchIt_user_user_permissions_permission_id_b4c6ad79" ON public."WatchIt_user_user_permissions" USING btree (permission_id);


--
-- Name: WatchIt_user_user_permissions_user_id_8411ed9a; Type: INDEX; Schema: public; Owner: karan
--

CREATE INDEX "WatchIt_user_user_permissions_user_id_8411ed9a" ON public."WatchIt_user_user_permissions" USING btree (user_id);


--
-- Name: WatchIt_user_username_403bbf4f_like; Type: INDEX; Schema: public; Owner: karan
--

CREATE INDEX "WatchIt_user_username_403bbf4f_like" ON public."WatchIt_user" USING btree (username varchar_pattern_ops);


--
-- Name: auth_group_name_a6ea08ec_like; Type: INDEX; Schema: public; Owner: karan
--

CREATE INDEX auth_group_name_a6ea08ec_like ON public.auth_group USING btree (name varchar_pattern_ops);


--
-- Name: auth_group_permissions_group_id_b120cbf9; Type: INDEX; Schema: public; Owner: karan
--

CREATE INDEX auth_group_permissions_group_id_b120cbf9 ON public.auth_group_permissions USING btree (group_id);


--
-- Name: auth_group_permissions_permission_id_84c5c92e; Type: INDEX; Schema: public; Owner: karan
--

CREATE INDEX auth_group_permissions_permission_id_84c5c92e ON public.auth_group_permissions USING btree (permission_id);


--
-- Name: auth_permission_content_type_id_2f476e4b; Type: INDEX; Schema: public; Owner: karan
--

CREATE INDEX auth_permission_content_type_id_2f476e4b ON public.auth_permission USING btree (content_type_id);


--
-- Name: django_admin_log_content_type_id_c4bce8eb; Type: INDEX; Schema: public; Owner: karan
--

CREATE INDEX django_admin_log_content_type_id_c4bce8eb ON public.django_admin_log USING btree (content_type_id);


--
-- Name: django_admin_log_user_id_c564eba6; Type: INDEX; Schema: public; Owner: karan
--

CREATE INDEX django_admin_log_user_id_c564eba6 ON public.django_admin_log USING btree (user_id);


--
-- Name: django_session_expire_date_a5c62663; Type: INDEX; Schema: public; Owner: karan
--

CREATE INDEX django_session_expire_date_a5c62663 ON public.django_session USING btree (expire_date);


--
-- Name: django_session_session_key_c0390e0f_like; Type: INDEX; Schema: public; Owner: karan
--

CREATE INDEX django_session_session_key_c0390e0f_like ON public.django_session USING btree (session_key varchar_pattern_ops);


--
-- Name: WatchIt_booking WatchIt_booking_cinema_hall_id_ab743b35_fk_WatchIt_c; Type: FK CONSTRAINT; Schema: public; Owner: karan
--

ALTER TABLE ONLY public."WatchIt_booking"
    ADD CONSTRAINT "WatchIt_booking_cinema_hall_id_ab743b35_fk_WatchIt_c" FOREIGN KEY (cinema_hall_id) REFERENCES public."WatchIt_cinemahall"(id) DEFERRABLE INITIALLY DEFERRED;


--
-- Name: WatchIt_booking WatchIt_booking_movie_id_4046a813_fk_WatchIt_movie_id; Type: FK CONSTRAINT; Schema: public; Owner: karan
--

ALTER TABLE ONLY public."WatchIt_booking"
    ADD CONSTRAINT "WatchIt_booking_movie_id_4046a813_fk_WatchIt_movie_id" FOREIGN KEY (movie_id) REFERENCES public."WatchIt_movie"(id) DEFERRABLE INITIALLY DEFERRED;


--
-- Name: WatchIt_booking_seats WatchIt_booking_seats_booking_id_1e22c13f_fk_WatchIt_booking_id; Type: FK CONSTRAINT; Schema: public; Owner: karan
--

ALTER TABLE ONLY public."WatchIt_booking_seats"
    ADD CONSTRAINT "WatchIt_booking_seats_booking_id_1e22c13f_fk_WatchIt_booking_id" FOREIGN KEY (booking_id) REFERENCES public."WatchIt_booking"(id) DEFERRABLE INITIALLY DEFERRED;


--
-- Name: WatchIt_booking_seats WatchIt_booking_seats_seat_id_12ba271d_fk_WatchIt_seat_id; Type: FK CONSTRAINT; Schema: public; Owner: karan
--

ALTER TABLE ONLY public."WatchIt_booking_seats"
    ADD CONSTRAINT "WatchIt_booking_seats_seat_id_12ba271d_fk_WatchIt_seat_id" FOREIGN KEY (seat_id) REFERENCES public."WatchIt_seat"(id) DEFERRABLE INITIALLY DEFERRED;


--
-- Name: WatchIt_booking WatchIt_booking_showtime_id_4b2549c4_fk_WatchIt_showtime_id; Type: FK CONSTRAINT; Schema: public; Owner: karan
--

ALTER TABLE ONLY public."WatchIt_booking"
    ADD CONSTRAINT "WatchIt_booking_showtime_id_4b2549c4_fk_WatchIt_showtime_id" FOREIGN KEY (showtime_id) REFERENCES public."WatchIt_showtime"(id) DEFERRABLE INITIALLY DEFERRED;


--
-- Name: WatchIt_booking WatchIt_booking_user_id_7bff80ae_fk_WatchIt_user_id; Type: FK CONSTRAINT; Schema: public; Owner: karan
--

ALTER TABLE ONLY public."WatchIt_booking"
    ADD CONSTRAINT "WatchIt_booking_user_id_7bff80ae_fk_WatchIt_user_id" FOREIGN KEY (user_id) REFERENCES public."WatchIt_user"(id) DEFERRABLE INITIALLY DEFERRED;


--
-- Name: WatchIt_feedback WatchIt_feedback_user_id_c3566390_fk_WatchIt_user_id; Type: FK CONSTRAINT; Schema: public; Owner: karan
--

ALTER TABLE ONLY public."WatchIt_feedback"
    ADD CONSTRAINT "WatchIt_feedback_user_id_c3566390_fk_WatchIt_user_id" FOREIGN KEY (user_id) REFERENCES public."WatchIt_user"(id) DEFERRABLE INITIALLY DEFERRED;


--
-- Name: WatchIt_movie_tags WatchIt_movie_tags_movie_id_f13fd903_fk_WatchIt_movie_id; Type: FK CONSTRAINT; Schema: public; Owner: karan
--

ALTER TABLE ONLY public."WatchIt_movie_tags"
    ADD CONSTRAINT "WatchIt_movie_tags_movie_id_f13fd903_fk_WatchIt_movie_id" FOREIGN KEY (movie_id) REFERENCES public."WatchIt_movie"(id) DEFERRABLE INITIALLY DEFERRED;


--
-- Name: WatchIt_movie_tags WatchIt_movie_tags_tag_id_28780e11_fk_WatchIt_tag_id; Type: FK CONSTRAINT; Schema: public; Owner: karan
--

ALTER TABLE ONLY public."WatchIt_movie_tags"
    ADD CONSTRAINT "WatchIt_movie_tags_tag_id_28780e11_fk_WatchIt_tag_id" FOREIGN KEY (tag_id) REFERENCES public."WatchIt_tag"(id) DEFERRABLE INITIALLY DEFERRED;


--
-- Name: WatchIt_passwordresettoken WatchIt_passwordresettoken_user_id_1e9323b9_fk_WatchIt_user_id; Type: FK CONSTRAINT; Schema: public; Owner: karan
--

ALTER TABLE ONLY public."WatchIt_passwordresettoken"
    ADD CONSTRAINT "WatchIt_passwordresettoken_user_id_1e9323b9_fk_WatchIt_user_id" FOREIGN KEY (user_id) REFERENCES public."WatchIt_user"(id) DEFERRABLE INITIALLY DEFERRED;


--
-- Name: WatchIt_seat WatchIt_seat_showtime_id_7b4972c5_fk_WatchIt_showtime_id; Type: FK CONSTRAINT; Schema: public; Owner: karan
--

ALTER TABLE ONLY public."WatchIt_seat"
    ADD CONSTRAINT "WatchIt_seat_showtime_id_7b4972c5_fk_WatchIt_showtime_id" FOREIGN KEY (showtime_id) REFERENCES public."WatchIt_showtime"(id) DEFERRABLE INITIALLY DEFERRED;


--
-- Name: WatchIt_showtime WatchIt_showtime_cinema_hall_id_fd52f03b_fk_WatchIt_c; Type: FK CONSTRAINT; Schema: public; Owner: karan
--

ALTER TABLE ONLY public."WatchIt_showtime"
    ADD CONSTRAINT "WatchIt_showtime_cinema_hall_id_fd52f03b_fk_WatchIt_c" FOREIGN KEY (cinema_hall_id) REFERENCES public."WatchIt_cinemahall"(id) DEFERRABLE INITIALLY DEFERRED;


--
-- Name: WatchIt_showtime WatchIt_showtime_movie_id_f654aa31_fk_WatchIt_movie_id; Type: FK CONSTRAINT; Schema: public; Owner: karan
--

ALTER TABLE ONLY public."WatchIt_showtime"
    ADD CONSTRAINT "WatchIt_showtime_movie_id_f654aa31_fk_WatchIt_movie_id" FOREIGN KEY (movie_id) REFERENCES public."WatchIt_movie"(id) DEFERRABLE INITIALLY DEFERRED;


--
-- Name: WatchIt_user_groups WatchIt_user_groups_group_id_ddca038c_fk_auth_group_id; Type: FK CONSTRAINT; Schema: public; Owner: karan
--

ALTER TABLE ONLY public."WatchIt_user_groups"
    ADD CONSTRAINT "WatchIt_user_groups_group_id_ddca038c_fk_auth_group_id" FOREIGN KEY (group_id) REFERENCES public.auth_group(id) DEFERRABLE INITIALLY DEFERRED;


--
-- Name: WatchIt_user_groups WatchIt_user_groups_user_id_98e94e42_fk_WatchIt_user_id; Type: FK CONSTRAINT; Schema: public; Owner: karan
--

ALTER TABLE ONLY public."WatchIt_user_groups"
    ADD CONSTRAINT "WatchIt_user_groups_user_id_98e94e42_fk_WatchIt_user_id" FOREIGN KEY (user_id) REFERENCES public."WatchIt_user"(id) DEFERRABLE INITIALLY DEFERRED;


--
-- Name: WatchIt_user_user_permissions WatchIt_user_user_pe_permission_id_b4c6ad79_fk_auth_perm; Type: FK CONSTRAINT; Schema: public; Owner: karan
--

ALTER TABLE ONLY public."WatchIt_user_user_permissions"
    ADD CONSTRAINT "WatchIt_user_user_pe_permission_id_b4c6ad79_fk_auth_perm" FOREIGN KEY (permission_id) REFERENCES public.auth_permission(id) DEFERRABLE INITIALLY DEFERRED;


--
-- Name: WatchIt_user_user_permissions WatchIt_user_user_pe_user_id_8411ed9a_fk_WatchIt_u; Type: FK CONSTRAINT; Schema: public; Owner: karan
--

ALTER TABLE ONLY public."WatchIt_user_user_permissions"
    ADD CONSTRAINT "WatchIt_user_user_pe_user_id_8411ed9a_fk_WatchIt_u" FOREIGN KEY (user_id) REFERENCES public."WatchIt_user"(id) DEFERRABLE INITIALLY DEFERRED;


--
-- Name: auth_group_permissions auth_group_permissio_permission_id_84c5c92e_fk_auth_perm; Type: FK CONSTRAINT; Schema: public; Owner: karan
--

ALTER TABLE ONLY public.auth_group_permissions
    ADD CONSTRAINT auth_group_permissio_permission_id_84c5c92e_fk_auth_perm FOREIGN KEY (permission_id) REFERENCES public.auth_permission(id) DEFERRABLE INITIALLY DEFERRED;


--
-- Name: auth_group_permissions auth_group_permissions_group_id_b120cbf9_fk_auth_group_id; Type: FK CONSTRAINT; Schema: public; Owner: karan
--

ALTER TABLE ONLY public.auth_group_permissions
    ADD CONSTRAINT auth_group_permissions_group_id_b120cbf9_fk_auth_group_id FOREIGN KEY (group_id) REFERENCES public.auth_group(id) DEFERRABLE INITIALLY DEFERRED;


--
-- Name: auth_permission auth_permission_content_type_id_2f476e4b_fk_django_co; Type: FK CONSTRAINT; Schema: public; Owner: karan
--

ALTER TABLE ONLY public.auth_permission
    ADD CONSTRAINT auth_permission_content_type_id_2f476e4b_fk_django_co FOREIGN KEY (content_type_id) REFERENCES public.django_content_type(id) DEFERRABLE INITIALLY DEFERRED;


--
-- Name: django_admin_log django_admin_log_content_type_id_c4bce8eb_fk_django_co; Type: FK CONSTRAINT; Schema: public; Owner: karan
--

ALTER TABLE ONLY public.django_admin_log
    ADD CONSTRAINT django_admin_log_content_type_id_c4bce8eb_fk_django_co FOREIGN KEY (content_type_id) REFERENCES public.django_content_type(id) DEFERRABLE INITIALLY DEFERRED;


--
-- Name: django_admin_log django_admin_log_user_id_c564eba6_fk_WatchIt_user_id; Type: FK CONSTRAINT; Schema: public; Owner: karan
--

ALTER TABLE ONLY public.django_admin_log
    ADD CONSTRAINT "django_admin_log_user_id_c564eba6_fk_WatchIt_user_id" FOREIGN KEY (user_id) REFERENCES public."WatchIt_user"(id) DEFERRABLE INITIALLY DEFERRED;


--
-- PostgreSQL database dump complete
--

